<?xml version="1.0" encoding="UTF-8" ?>
<beans xmlns="http://www.springframework.org/schema/beans"
	xmlns:xsi="http://www.w3.org/2001/XMLSchema-instance" 
	xmlns:context="http://www.springframework.org/schema/context"
	xmlns:tx="http://www.springframework.org/schema/tx"
	xmlns:mvc="http://www.springframework.org/schema/mvc"
	xsi:schemaLocation="http://www.springframework.org/schema/beans 
	http://www.springframework.org/schema/beans/spring-beans-3.2.xsd
			http://www.springframework.org/schema/context 
			http://www.springframework.org/schema/context/spring-context-3.2.xsd
			http://www.springframework.org/schema/tx 
			http://www.springframework.org/schema/tx/spring-tx-3.2.xsd
			http://www.springframework.org/schema/mvc 
			http://www.springframework.org/schema/mvc/spring-mvc-3.2.xsd
			 http://www.springframework.org/schema/data/jpa 
			 http://www.springframework.org/schema/data/jpa/spring-jpa-2.0.xsd">


<mvc:annotation-driven />
	<context:property-placeholder location="classpath:database.properties" />
	<context:component-scan base-package="com.wipro.register" />
	
	

	<tx:annotation-driven transaction-manager="hibernateTransactionManager"/>

	<bean id="jspViewResolver"
		class="org.springframework.web.servlet.view.InternalResourceViewResolver">
		<property name="viewClass"
			value="org.springframework.web.servlet.view.JstlView" />
		<property name="prefix" value="/WEB-INF/views/" />
		<property name="suffix" value=".jsp" />
	</bean>


<bean id="dataSource"
		class="org.springframework.jdbc.datasource.DriverManagerDataSource">
		<property name="driverClassName" value="${database.driver}" />
		<property name="url" value="${database.url}" />
		<property name="username" value="${database.user}" />
		<property name="password" value="${database.password}" />
	</bean>

	<bean id="sessionFactory"
		class="org.springframework.orm.hibernate3.annotation.AnnotationSessionFactoryBean">
		<property name="dataSource" ref="dataSource" />
		<property name="annotatedClasses">
			<list>
				<value>com.wipro.register.bean.ProfileBean</value>
				<value>com.wipro.register.bean.CredentialsBean</value>
				<value>com.wipro.register.bean.ModuleBean</value>
				<value>com.wipro.register.model.Module</value>
				<value>com.wipro.register.model.Phase</value>
				<value>com.wipro.register.bean.PhaseBean</value>
				<value>com.wipro.register.model.Participants</value>
				<value>com.wipro.register.bean.ParticipantsBean</value>
					<value>com.wipro.register.model.Stream</value>
				<value>com.wipro.register.bean.StreamBean</value>
				
				
			</list>
		</property>
		<property name="hibernateProperties">
			<props>
				<prop key="hibernate.dialect">${hibernate.dialect}</prop>
				<prop key="hibernate.show_sql">${hibernate.show_sql}</prop>
				<prop key="hibernate.hbm2ddl.auto">${hibernate.hbm2ddl.auto}</prop>				
			</props>
		</property>
	</bean>
	
	

	<bean id="hibernateTransactionManager"
		class="org.springframework.orm.hibernate3.HibernateTransactionManager">
		<property name="sessionFactory" ref="sessionFactory" />
	</bean>
	
</beans>